review,sentiment
"I absolutely love this product! It works perfectly and exceeded my expectations.","positive"
"The quality is very poor. It broke within two days of use. Very disappointed.","negative"
"Great customer service and fast shipping. Highly recommended!","positive"
"Worst experience ever. The item I received was different from the description.","negative"
"Excellent build quality and very user-friendly interface.","positive"
"I would not recommend this to anyone. It is a complete waste of money.","negative"
"Fantastic experience! The product is amazing and the delivery was quick.","positive"
"Terrible product. It doesn't work as advertised. Avoid at all costs.","negative"
"So happy with my purchase! It's worth every penny.","positive"
"The product arrived damaged and the support team was unhelpful.","negative"
"This is exactly what I was looking for. Brilliant!","positive"
"Poor performance and very loud. I'm returning it.","negative"
"Amazing value for money. I will definitely buy again.","positive"
"Very bad quality. The material feels cheap and fragile.","negative"
"The best purchase I've made this year. Simply outstanding.","positive"
"I hate this product. It's frustrating to use and keeps crashing.","negative"
"Superb quality and elegant design. 5 stars!","positive"
"Disappointing purchase. It doesn't live up to the hype.","negative"
"I am very satisfied with this product. It works like a charm.","positive"
"Waste of time and money. Do not buy.","negative"
"I love it! So easy to use and very effective.","positive"
"The instructions were confusing and the product is hard to set up.","negative"
"Really good product. It does exactly what it's supposed to do.","positive"
"I regret buying this. It's not durable at all.","negative"
"Highly impressed with the performance. Great job!","positive"
"Very mediocre. I expected much more for the price.","negative"
"This product is a game changer. I'm so glad I bought it.","positive"
"Low quality and overpriced. I feel cheated.","negative"
"Beautifully designed and works flawlessly.","positive"
"It stopped working after a week. Very poor reliability.","negative"
"Very bad product","negative"
"Extremely bad quality","negative"
"Worst product I have ever seen","negative"
"Horrible experience","negative"
"Terrible quality","negative"
"Very poor","negative"
"Total waste of money","negative"
"Do not buy this","negative"
"I hate this product","negative"
"Absolutely terrible","negative"
"Disgusting quality","negative"
"Fails to work","negative"
"Broken on arrival","negative"
"Poor customer service","negative"
"Waste of time","negative"
"Very bad","negative"
"Bad product","negative"
"It is a bad product","negative"
"Not good","negative"
"Awful","negative"
"Useless","negative"
"Garbage","negative"
"Trash","negative"
"Lame","negative"
"Pathetic","negative"
"Very bad indeed","negative"
"I am very happy with this product!","positive"
"Excellent quality and service","positive"
"Best purchase ever","positive"
"Highly recommended for everyone","positive"
"Wonderful product, works great","positive"
"Amazing experience","positive"
"Superb build quality","positive"
"Fantastic and fast shipping","positive"
"Love it so much","positive"
"Great value for money","positive"
"Brilliant design","positive"
"Outstanding performance","positive"
"Very good","positive"
"Good product","positive"
"It is a good product","positive"
"Very nice","positive"
"Awesome","positive"
"Perfect","positive"
"Cool","positive"
"Solid","positive"
"Durable","positive"
"Very useful","positive"
"Highly satisfied","positive"
"Excellent","positive"
"Great","positive"
"Good","positive"
"Nice","positive"
"Very bad product indeed.","negative"
"This is a very bad product.","negative"
"The product is very bad.","negative"
"I found it to be a very bad product.","negative"
"Such a bad product.","negative"
"Really bad product.","negative"
"Poor quality, bad product.","negative"
"Worst item, bad product.","negative"
"Bad product, stay away.","negative"
"Very very bad product.","negative"
"This is very bad.","negative"
"It is very bad.","negative"
"Bad bad bad.","negative"
"Bad.","negative"
"Worst.","negative"
"Terrible.","negative"
"Awful.","negative"
"Horrible.","negative"
"Positive.","positive"
"Negative.","negative"
"I like it.","positive"
"I dislike it.","negative"
"Satisfied.","positive"
"Unsatisfied.","negative"
"Reliable.","positive"
"Unreliable.","negative"
"Worth it.","positive"
"Not worth it.","negative"
"Value for money.","positive"
"Waste of money.","negative"
"Functional.","positive"
"Broken.","negative"
"High quality.","positive"
"Low quality.","negative"
"Premium.","positive"
"Cheap.","negative"
"Fast delivery.","positive"
"Slow delivery.","negative"
"Helpful.","positive"
"Unhelpful.","negative"
"Perfect fit.","positive"
"Bad fit.","negative"
"Easy to use.","positive"
"Hard to use.","negative"
"Beautiful.","positive"
"Ugly.","negative"
"Strong.","positive"
"Weak.","negative"
"Best choice.","positive"
"Worst choice.","negative"
"Happy.","positive"
"Sad.","negative"
"Good quality.","positive"
"Bad quality.","negative"
"Very good quality.","positive"
"Very bad quality.","negative"
"I love this item.","positive"
"I hate this item.","negative"
"Five stars.","positive"
"One star.","negative"
"Excellent product.","positive"
"Terrible product.","negative"
"Great product.","positive"
"Bad product.","negative"
"Very great product.","positive"
"Very bad product.","negative"
"Extremely great product.","positive"
"Extremely bad product.","negative"
"Highly good.","positive"
"Highly bad.","negative"
"So good.","positive"
"So bad.","negative"
"Good good good.","positive"
"Bad bad bad.","negative"
"Good!","positive"
"Bad!","negative"
"Very good!","positive"
"Very bad!","negative"
"Nice product.","positive"
"Poor product.","negative"
"Wonderful experience.","positive"
"Awful experience.","negative"
"Superb service.","positive"
"Horrible service.","negative"
"Fantastic result.","positive"
"Disappointing result.","negative"
"Success.","positive"
"Failure.","negative"
"Works well.","positive"
"Does not work.","negative"
"It works.","positive"
"It is broken.","negative"
"Recommend.","positive"
"Do not recommend.","negative"
"Best.","positive"
"Worst.","negative"
"Top notch.","positive"
"Bottom of the barrel.","negative"
"Quality is good.","positive"
"Quality is bad.","negative"
"Product is good.","positive"
"Product is bad.","negative"
"Service is good.","positive"
"Service is bad.","negative"
"Experience is good.","positive"
"Experience is bad.","negative"
"Everything is good.","positive"
"Everything is bad.","negative"